<?xml version="1.0"?>
<doc>
    <assembly>
        <name>GTServer</name>
    </assembly>
    <members>
        <member name="T:GTServer.SystemMessageType">
            <summary>Internal message types for SystemMessages to have.</summary>
        </member>
        <member name="T:GTServer.MessageType">
            <summary>The type of message</summary>
        </member>
        <member name="F:GTServer.MessageType.Binary">
            <summary>A byte array is sent as the payload of a message.</summary>
        </member>
        <member name="F:GTServer.MessageType.Object">
            <summary>An object is sent as the payload of a message.</summary>
        </member>
        <member name="F:GTServer.MessageType.String">
            <summary>A string is sent as the payload of a message.</summary>
        </member>
        <member name="F:GTServer.MessageType.System">
            <summary>This is used by the system to communicate internally.</summary>
        </member>
        <member name="F:GTServer.MessageType.Session">
            <summary>A session action is sent as the payload of a message.</summary>
        </member>
        <member name="F:GTServer.MessageType.Tuple1D">
            <summary>This message refers to a streaming 1-tuple</summary>
        </member>
        <member name="F:GTServer.MessageType.Tuple2D">
            <summary>This message refers to a streaming 2-tuple</summary>
        </member>
        <member name="F:GTServer.MessageType.Tuple3D">
            <summary>This message refers to a streaming 3-tuple</summary>
        </member>
        <member name="T:GTServer.MessageProtocol">
            <summary>What protocol should we use for this message.</summary>
        </member>
        <member name="F:GTServer.MessageProtocol.Tcp">
            <summary>Completely reliable, but slow.</summary>
        </member>
        <member name="F:GTServer.MessageProtocol.Udp">
            <summary>Completely unreliable, but fast.</summary>
        </member>
        <member name="T:GTServer.SessionAction">
            <summary>Session action performed.  We can add a lot more to this list.</summary>
        </member>
        <member name="F:GTServer.SessionAction.Joined">
            <summary>This client is joining this session.</summary>
        </member>
        <member name="F:GTServer.SessionAction.Lives">
            <summary>This client is part of this session.</summary>
        </member>
        <member name="F:GTServer.SessionAction.Inactive">
            <summary>This client is inactive.</summary>
        </member>
        <member name="F:GTServer.SessionAction.Left">
            <summary>This client is leaving this session.</summary>
        </member>
        <member name="T:GTServer.TickHandler">
            <summary>Handles a tick event, which is one loop of the server</summary>
        </member>
        <member name="T:GTServer.MessageHandler">
            <summary>Handles a Message event, when a message arrives</summary>
            <param name="id">The id of the channel the message was sent along</param>
            <param name="type">The type of message sent</param>
            <param name="data">The data sent</param>
            <param name="client">Who sent the message</param>
            <param name="protocol">How the message was sent</param>
        </member>
        <member name="T:GTServer.SessionMessageHandler">
            <summary>Handles a SessionMessage event, when a SessionMessage arrives.</summary>
            <param name="e">The action performed.</param>
            <param name="id">The id of the channel the message was sent along.</param>
            <param name="client">Who sent the message.</param>
            <param name="protocol">How the message was sent</param>
        </member>
        <member name="T:GTServer.StringMessageHandler">
            <summary>Handles a StringMessage event, when a StringMessage arrives.</summary>
            <param name="s">The string sent.</param>
            <param name="id">The id of the channel the message was sent along.</param>
            <param name="client">Who sent the message.</param>
            <param name="protocol">How the message was sent</param>
        </member>
        <member name="T:GTServer.ObjectMessageHandler">
            <summary>Handles a ObjectMessage event, when a ObjectMessage arrives.</summary>
            <param name="o">The object sent.</param>
            <param name="id">The id of the channel the message was sent along.</param>
            <param name="client">Who sent the message.</param>
            <param name="protocol">How the message was sent</param>
        </member>
        <member name="T:GTServer.BinaryMessageHandler">
            <summary>Handles a BinaryMessage event, when a BinaryMessage arrives.</summary>
            <param name="b">The byte array sent.</param>
            <param name="id">The id of the channel the message was sent along.</param>
            <param name="client">Who sent the message.</param>
            <param name="protocol">How the message was sent</param>
        </member>
        <member name="T:GTServer.ClientsRemovedHandler">
            <summary>Handles when clients leave the server.</summary>
            <param name="list">The clients who've left.</param>
        </member>
        <member name="T:GTServer.ClientsJoinedHandler">
            <summary>Handles when clients join the server.</summary>
            <param name="list">The clients who've joined.</param>
        </member>
        <member name="T:GTServer.ErrorClientHandler">
            <summary>Handles when there is an internal error that the application should know about.</summary>
            <param name="e">The exception that occurred</param>
            <param name="se">The type of networking error</param>
            <param name="c">The client where the exception occurred</param>
            <param name="explanation">An explanation of the error encountered</param>
        </member>
        <member name="T:GTServer.MessageOut">
            <summary>An outbound message</summary>
        </member>
        <member name="F:GTServer.MessageOut.id">
            <summary>The channel that this message is on.</summary>
        </member>
        <member name="F:GTServer.MessageOut.type">
            <summary>The type of message.</summary>
        </member>
        <member name="F:GTServer.MessageOut.data">
            <summary>The data of the message.</summary>
        </member>
        <member name="M:GTServer.MessageOut.#ctor(System.Byte,GTServer.MessageType,System.Byte[])">
            <summary>Creates a new outbound message.</summary>
            <param name="id">The channel that this message is on.</param>
            <param name="type">The type of message.</param>
            <param name="data">The data of the message.</param>
        </member>
        <member name="M:GTServer.MessageOut.#ctor(System.Byte,System.String)">
            <summary>Creates a new outbound message.</summary>
            <param name="id">The channel that this message is on.</param>
            <param name="s">TThe string to send.</param>
        </member>
        <member name="M:GTServer.MessageOut.#ctor(System.Byte,GTServer.Server.Client,GTServer.SessionAction)">
            <summary>Creates a new outbound message.</summary>
            <param name="id">The channel that this message is on.</param>
            <param name="client">The client doing the action.</param>
            <param name="action">The action being done.</param>
        </member>
        <member name="T:GTServer.RemoteTuple`1">
            <summary>Represents a 1-tuple.</summary>
            <typeparam name="T">The type of the tuple parameter T.</typeparam>
        </member>
        <member name="F:GTServer.RemoteTuple`1.x">
            <summary>The value of this tuple.</summary>
        </member>
        <member name="M:GTServer.RemoteTuple`1.#ctor">
            <summary>Constructor.</summary>
        </member>
        <member name="M:GTServer.RemoteTuple`1.#ctor(`0)">
            <summary>Constructor.</summary>
        </member>
        <member name="P:GTServer.RemoteTuple`1.X">
            <summary>A value of this tuple.</summary>
        </member>
        <member name="T:GTServer.RemoteTuple`2">
            <summary>Represents a 1-tuple.</summary>
            <typeparam name="T">The type of the tuple parameter T.</typeparam>
            <typeparam name="K">The type of the tuple parameter T.</typeparam>
        </member>
        <member name="F:GTServer.RemoteTuple`2.x">
            <summary>A value of this tuple.</summary>
        </member>
        <member name="F:GTServer.RemoteTuple`2.y">
            <summary>A value of this tuple.</summary>
        </member>
        <member name="M:GTServer.RemoteTuple`2.#ctor">
            <summary>Constructor.</summary>
        </member>
        <member name="M:GTServer.RemoteTuple`2.#ctor(`0,`1)">
            <summary>Constructor.</summary>
        </member>
        <member name="P:GTServer.RemoteTuple`2.X">
            <summary>A value of this tuple.</summary>
        </member>
        <member name="P:GTServer.RemoteTuple`2.Y">
            <summary>A value of this tuple.</summary>
        </member>
        <member name="T:GTServer.RemoteTuple`3">
            <summary>Represents a 1-tuple.</summary>
            <typeparam name="T">The type of the tuple parameter T.</typeparam>
            <typeparam name="K">The type of the tuple parameter K.</typeparam>
            <typeparam name="J">The type of the tuple parameter J.</typeparam>
        </member>
        <member name="F:GTServer.RemoteTuple`3.x">
            <summary>A value of this tuple.</summary>
        </member>
        <member name="F:GTServer.RemoteTuple`3.y">
            <summary>A value of this tuple.</summary>
        </member>
        <member name="F:GTServer.RemoteTuple`3.z">
            <summary>A value of this tuple.</summary>
        </member>
        <member name="M:GTServer.RemoteTuple`3.#ctor">
            <summary>Constructor.</summary>
        </member>
        <member name="M:GTServer.RemoteTuple`3.#ctor(`0,`1,`2)">
            <summary>Constructor.</summary>
        </member>
        <member name="P:GTServer.RemoteTuple`3.X">
            <summary>A value of this tuple.</summary>
        </member>
        <member name="P:GTServer.RemoteTuple`3.Y">
            <summary>A value of this tuple.</summary>
        </member>
        <member name="P:GTServer.RemoteTuple`3.Z">
            <summary>A value of this tuple.</summary>
        </member>
        <member name="T:GTServer.Server">
            <summary>Represents a server.</summary>
        </member>
        <member name="F:GTServer.Server.LISTENER_BACKLOG">
            <summary>The listening backlog to use for the server socket.  Historically
            the maximum was 5; some newer OS' support up to 128.</summary>
        </member>
        <member name="F:GTServer.Server.LastError">
            <summary>Last exception encountered.</summary>
        </member>
        <member name="F:GTServer.Server.ClientList">
            <summary>All of the clients that this server knows about.</summary>
        </member>
        <member name="F:GTServer.Server.clientIDs">
            <summary>All of the clientIDs that this server knows about.  
            Hide this so that users cannot cause mischief.  I accept that this list may 
            not be accurate because the users have direct access to the ClientList.</summary>
        </member>
        <member name="F:GTServer.Server.PingInterval">
            <summary>Time in milliseconds between keep-alive pings.</summary>
        </member>
        <member name="F:GTServer.Server.Interval">
            <summary>Time in milliseconds between server ticks.</summary>
        </member>
        <member name="M:GTServer.Server.BytesToString(System.Byte[])">
            <summary>Converts bytes into a string, in a way consistant with the clients and this server.</summary>
            <param name="b">The bytes</param>
            <returns>The string</returns>
        </member>
        <member name="M:GTServer.Server.BytesToString(System.Byte[],System.Int32,System.Int32)">
            <summary>Converts bytes into a string, in a way consistant with the clients and this server.</summary>
            <param name="b">The bytes</param>
            <param name="index">Where to start in the array</param>
            <param name="length">How many *bytes* to decode</param>
            <returns>The string</returns>
        </member>
        <member name="M:GTServer.Server.StringToBytes(System.String)">
            <summary>Converts a string into bytes, in a way consistant with the clients and this server.</summary>
            <param name="s">The string</param>
            <returns>The bytes</returns>
        </member>
        <member name="M:GTServer.Server.BytesToObject(System.Byte[])">
            <summary>Converts bytes into an object, in a way consistant with the clients and this server.</summary>
            <param name="b">The bytes</param>
            <returns>The object</returns>
        </member>
        <member name="M:GTServer.Server.ObjectToBytes(System.Object)">
            <summary>Converts an object into bytes, in a way consistant with the clients and this server.</summary>
            <param name="o">The object</param>
            <returns>The bytes</returns>
        </member>
        <member name="M:GTServer.Server.RemoteTupleToBytes``3(GTServer.RemoteTuple{``0,``1,``2},System.Int32)">
            <summary>Converts a remote tuple into bytes in a system-consistent way</summary>
            <typeparam name="A"></typeparam>
            <typeparam name="B"></typeparam>
            <typeparam name="C"></typeparam>
            <param name="tuple"></param>
            <param name="clientID"></param>
            <returns></returns>
        </member>
        <member name="M:GTServer.Server.BytesToRemoteTuple``3(System.Byte[],System.Int32@)">
            <summary>Converts bytes into a remote tuple in a system-consistent way</summary>
            <typeparam name="A"></typeparam>
            <typeparam name="B"></typeparam>
            <typeparam name="C"></typeparam>
            <param name="b">The bytes to be converted</param>
            <param name="clientID"></param>
            <returns></returns>
        </member>
        <member name="M:GTServer.Server.RemoteTupleToBytes``2(GTServer.RemoteTuple{``0,``1},System.Int32)">
            <summary>Converts a remote tuple into bytes in a system-consistent way</summary>
            <typeparam name="A"></typeparam>
            <typeparam name="B"></typeparam>
            <param name="tuple"></param>
            <param name="clientID"></param>
            <returns></returns>
        </member>
        <member name="M:GTServer.Server.BytesToRemoteTuple``2(System.Byte[],System.Int32@)">
            <summary>Converts bytes into a remote tuple in a system-consistent way</summary>
            <typeparam name="A"></typeparam>
            <typeparam name="B"></typeparam>
            <param name="b">The bytes to be converted</param>
            <param name="clientID"></param>
            <returns></returns>
        </member>
        <member name="M:GTServer.Server.RemoteTupleToBytes``1(GTServer.RemoteTuple{``0},System.Int32)">
            <summary>Converts a remote tuple into bytes in a system-consistent way</summary>
            <typeparam name="A"></typeparam>
            <param name="tuple"></param>
            <param name="clientID"></param>
            <returns></returns>
        </member>
        <member name="M:GTServer.Server.BytesToRemoteTuple``1(System.Byte[],System.Int32@)">
            <summary>Converts bytes into a remote tuple in a system-consistent way</summary>
            <typeparam name="A"></typeparam>
            <param name="b">The bytes to be converted</param>
            <param name="clientID"></param>
            <returns></returns>
        </member>
        <member name="M:GTServer.Server.Converter``1(``0)">
            <summary>Converts a IConvertible type into a byte array.</summary>
            <typeparam name="A">The IConvertible type.</typeparam>
            <param name="value">The value</param>
            <returns></returns>
        </member>
        <member name="M:GTServer.Server.Converter``1(System.Byte[],System.Int32,System.Int32@)">
            <summary>Converts a portion of a byte array into some IConvertible type.</summary>
            <typeparam name="A">The IConvertible type to convert the byte array into.</typeparam>
            <param name="b">The byte array</param>
            <param name="index">The byte in the array at which to begin</param>
            <param name="length">The length of the type</param>
            <returns>The converted type.</returns>
        </member>
        <member name="M:GTServer.Server.#ctor(System.Int32)">
            <summary>Creates a new Server object.</summary>
            <param name="port">The port to listen on.</param>
        </member>
        <member name="M:GTServer.Server.#ctor(System.Int32,System.Int32)">
            <summary>Creates a new Server object.</summary>
            <param name="port">The port to listen on.</param>
            <param name="interval">The interval at which to check for new connections or new data.</param>
        </member>
        <member name="M:GTServer.Server.StartSeparateListeningThread(System.Int32)">
            <summary>Starts a new thread that listens for new clients or new data.
            Abort returned thread at any time to stop listening.</summary>
        </member>
        <member name="M:GTServer.Server.Update">
            <summary>One tick of the server, manually
            Use if not using Start
            </summary>
        </member>
        <member name="M:GTServer.Server.GetClientFromUniqueIdentity(System.Int32)">
            <summary>Returns the client matching that unique identity number.</summary>
            <param name="uniqueIdentity">The unique identity of this client</param>
            <returns>The client with that unique identity.  If the number doesn't 
            match a client, then it returns null.</returns>
        </member>
        <member name="M:GTServer.Server.StartListening">
            <summary>Starts a new thread that listens for new clients or new data on the current thread.</summary>
        </member>
        <member name="M:GTServer.Server.client_MessageReceived(System.Byte,GTServer.MessageType,System.Byte[],GTServer.Server.Client,GTServer.MessageProtocol)">
            <summary>Handle a message that was received by a client.</summary>
            <param name="id">Channel of the message.</param>
            <param name="type">Type of Message sent.</param>
            <param name="data">The data of the Message.</param>
            <param name="client">Which client sent it.</param>
            <param name="protocol">How the message was sent</param>
        </member>
        <member name="M:GTServer.Server.GenerateUniqueIdentity">
            <summary>Generates a unique identity number that clients can use to identify each other.</summary>
            <returns>The unique identity number</returns>
        </member>
        <member name="M:GTServer.Server.Send(System.Byte[],System.Byte,System.Collections.Generic.List{GTServer.Server.Client},GTServer.MessageProtocol)">
            <summary>Sends a byte array as a message on the id binary channel to many clients in an efficient way.</summary>
            <param name="buffer">The byte array to send</param>
            <param name="id">The id of the channel to send it on</param>
            <param name="list">The list of clients to send it to</param>
            <param name="reli">How to send it</param>
        </member>
        <member name="M:GTServer.Server.Send(System.String,System.Byte,System.Collections.Generic.List{GTServer.Server.Client},GTServer.MessageProtocol)">
            <summary>Sends a string as a message on the id binary channel to many clients in an efficient way.</summary>
            <param name="s">The byte array to send</param>
            <param name="id">The id of the channel to send it on</param>
            <param name="list">The list of clients to send it to</param>
            <param name="reli">How to send it</param>
        </member>
        <member name="M:GTServer.Server.Send(System.Object,System.Byte,System.Collections.Generic.List{GTServer.Server.Client},GTServer.MessageProtocol)">
            <summary>Sends a byte array as a message on the id binary channel to many clients in an efficient way.</summary>
            <param name="o">The byte array to send</param>
            <param name="id">The id of the channel to send it on</param>
            <param name="list">The list of clients to send it to</param>
            <param name="reli">How to send it</param>
        </member>
        <member name="M:GTServer.Server.Send(System.Collections.Generic.List{GTServer.MessageOut},System.Collections.Generic.List{GTServer.Server.Client},GTServer.MessageProtocol)">
            <summary>Packs a series of messages together, then sends them to a list of clients in an efficient way.</summary>
            <param name="messagesOut">The list of messages</param>
            <param name="list">The list of clients</param>
            <param name="reli">How to send them</param>
        </member>
        <member name="M:GTServer.Server.SendToList(System.Byte[],System.Collections.Generic.List{GTServer.Server.Client},GTServer.MessageProtocol)">
            <summary>Sends raw binary data to each client in the list.  This is private for a very good reason.</summary>
            <param name="buffer">The raw data</param>
            <param name="list">Who to send it to</param>
            <param name="reli">How to send it</param>
        </member>
        <member name="E:GTServer.Server.Tick">
            <summary>Invoked each cycle of the server.</summary>
        </member>
        <member name="E:GTServer.Server.MessageReceived">
            <summary>Invoked each time a message is received.</summary>
        </member>
        <member name="E:GTServer.Server.SessionMessageReceived">
            <summary>Invoked each time a session message is received.</summary>
        </member>
        <member name="E:GTServer.Server.StringMessageReceived">
            <summary>Invoked each time a string message is received.</summary>
        </member>
        <member name="E:GTServer.Server.ObjectMessageReceived">
            <summary>Invoked each time a object message is received.</summary>
        </member>
        <member name="E:GTServer.Server.BinaryMessageReceived">
            <summary>Invoked each time a binary message is received.</summary>
        </member>
        <member name="E:GTServer.Server.ClientsRemoved">
            <summary>Invoked each time a client disconnects.</summary>
        </member>
        <member name="E:GTServer.Server.ClientsJoined">
            <summary>Invoked each time a client connects.</summary>
        </member>
        <member name="E:GTServer.Server.ErrorEvent">
            <summary>Invoked each time an error occurs.</summary>
        </member>
        <member name="T:GTServer.Server.Client">
            <summary>Represents a client using the server.</summary>
        </member>
        <member name="F:GTServer.Server.Client.BinaryMessages">
            <summary>All of the received Binary Messages that we have kept.</summary>
        </member>
        <member name="F:GTServer.Server.Client.ObjectMessages">
            <summary>All of the received Object Messages that we have kept.</summary>
        </member>
        <member name="F:GTServer.Server.Client.StringMessages">
            <summary>All of the received String Messages that we have kept.</summary>
        </member>
        <member name="F:GTServer.Server.Client.LastError">
            <summary>Last exception encountered.</summary>
        </member>
        <member name="M:GTServer.Server.Client.#ctor(System.Net.Sockets.TcpClient,System.Int32)">
            <summary>Creates a new Client to communicate with.</summary>
            <param name="connection">The connection to communicate over.</param>
            <param name="id">The unique identity of this new Client.</param>
        </member>
        <member name="M:GTServer.Server.Client.isDead(GTServer.Server.Client)">
            <summary>Is this Client dead?  (Thread-safe)</summary>
            <param name="c">The client to check.</param>
            <returns>True if the Client is dead.</returns>
        </member>
        <member name="M:GTServer.Server.Client.Kill(GTServer.Server.Client)">
            <summary>Kills a client and makes it dead.</summary>
            <param name="c">The client to kill.</param>
        </member>
        <member name="M:GTServer.Server.Client.FromMessageToBytes(System.Byte[],System.Byte,GTServer.MessageType)">
            <summary>Add the id and the message type to the front of a raw binary message</summary>
            <param name="data"></param>
            <param name="id"></param>
            <param name="type"></param>
            <returns></returns>
        </member>
        <member name="M:GTServer.Server.Client.FromMessageToBytes(System.Byte[],System.Byte)">
            <summary>Give bytes to be sent a message header and return as bytes</summary>
            <param name="data"></param>
            <param name="id"></param>
            <returns></returns>
        </member>
        <member name="M:GTServer.Server.Client.FromMessageToBytes(System.String,System.Byte)">
            <summary>Give a string to be sent a message header and return as bytes</summary>
            <param name="s"></param>
            <param name="id"></param>
            <returns></returns>
        </member>
        <member name="M:GTServer.Server.Client.FromMessageToBytes(System.Object,System.Byte)">
            <summary>Give an object to be sent a message header and return as bytes</summary>
            <param name="o"></param>
            <param name="id"></param>
            <returns></returns>
        </member>
        <member name="M:GTServer.Server.Client.FromMessageToBytes(System.Collections.Generic.List{GTServer.MessageOut})">
            <summary>Convert a list of messages into the raw bytes that will be sent into the network.
            The bytes include the 2 byte message headers.</summary>
            <param name="messagesOut"></param>
            <returns></returns>
        </member>
        <member name="M:GTServer.Server.Client.Send(System.Int32,GTServer.SessionAction,System.Byte,GTServer.MessageProtocol)">
            <summary>Send SessionAction.</summary>
            <param name="clientId">Client who is doing the action.</param>
            <param name="e">SessionEvent data to send.</param>
            <param name="id">Channel to send on.</param>
            <param name="protocol">What protocol the message should use.</param>
        </member>
        <member name="M:GTServer.Server.Client.Send(System.Byte[],System.Byte,GTServer.MessageProtocol)">
            <summary>Send byte array.</summary>
            <param name="buffer">Binary data to send.</param>
            <param name="id">Channel to send on.</param>
            <param name="protocol">What protocol the message should use.</param>
        </member>
        <member name="M:GTServer.Server.Client.Send(System.Object,System.Byte,GTServer.MessageProtocol)">
            <summary>Send object.</summary>
            <param name="o">Object data to send.</param>
            <param name="id">Channel to send on.</param>
            <param name="protocol">What protocol the message should use.</param>
        </member>
        <member name="M:GTServer.Server.Client.Send(System.String,System.Byte,GTServer.MessageProtocol)">
            <summary>Send string.</summary>
            <param name="s">String data to send.</param>
            <param name="id">Channel to send on.</param>
            <param name="protocol">What protocol the message should use.</param>
        </member>
        <member name="M:GTServer.Server.Client.Send(System.Int32,GTServer.SessionAction,System.Byte)">
            <summary>Send SessionAction.</summary>
            <param name="clientId">client who is doing the action.</param>
            <param name="s">SessionEvent data to send.</param>
            <param name="id">Channel to send on.</param>
        </member>
        <member name="M:GTServer.Server.Client.Send(System.Byte[],System.Byte)">
            <summary>Send byte array.</summary>
            <param name="buffer">Binary data to send.</param>
            <param name="id">Channel to send on.</param>
        </member>
        <member name="M:GTServer.Server.Client.Send(System.Object,System.Byte)">
            <summary>Send object.</summary>
            <param name="o">Object data to send.</param>
            <param name="id">Channel to send on.</param>
        </member>
        <member name="M:GTServer.Server.Client.Send(System.String,System.Byte)">
            <summary>Send string.</summary>
            <param name="s">String data to send.</param>
            <param name="id">Channel to send on.</param>
        </member>
        <member name="M:GTServer.Server.Client.Send(System.Byte[],System.Byte,GTServer.MessageType,GTServer.MessageProtocol)">
            <summary>Sends a raw byte array of any message type using these parameters.  
            This can be used to manipulate received messages without converting it to another 
            format, for example, a string or an object.  Using this method, received messages 
            can be repeated, compared, or passed along faster than otherwise.</summary>
            <param name="data">Raw bytes to be sent.</param>
            <param name="id">The channel to send on.</param>
            <param name="type">The raw message type.</param>
            <param name="protocol">What protocol the message should use.</param>
        </member>
        <member name="M:GTServer.Server.Client.SendUdpMessage(System.Byte[])">
            <summary>Sends a message via UDP.
            We don't care if it doesn't get through.</summary>
            <param name="buffer">Raw stuff to send.</param>
        </member>
        <member name="M:GTServer.Server.Client.SendTcpMessage(System.Byte[])">
            <summary>Sends a message via TCP.
            We DO care if it doesn't get through; we throw an exception.
            </summary>
            <param name="buffer">Raw stuff to send.</param>
        </member>
        <member name="M:GTServer.Server.Client.TryAndFlushOldUdpBytesOut">
            <summary> Flushes out old messages that couldn't be sent because of exceptions</summary>
            <returns>True if there are bytes that still have to be sent out</returns>
        </member>
        <member name="M:GTServer.Server.Client.TryAndFlushOldTcpBytesOut">
            <summary> Flushes out old messages that couldn't be sent because of exceptions</summary>
            <returns>True if there are bytes that still have to be sent out</returns>
        </member>
        <member name="M:GTServer.Server.Client.HandleSystemMessage(System.Byte[],System.Byte)">
            <summary>Handles a system message in that it takes the information and does something with it.</summary>
            <param name="data">The message we received.</param>
            <param name="id">What channel it came in on.</param>
        </member>
        <member name="M:GTServer.Server.Client.Ping">
            <summary>Send a ping to a client to see if it responds.</summary>
        </member>
        <member name="M:GTServer.Server.Client.Update">
            <summary>Go through one tick of this client.</summary>
        </member>
        <member name="M:GTServer.Server.Client.UpdateFromNetworkUdp">
            <summary>Gets available data from UDP.</summary>
        </member>
        <member name="M:GTServer.Server.Client.UpdateFromNetworkTcp">
            <summary>Gets one message from the tcp and interprets it.</summary>
        </member>
        <member name="P:GTServer.Server.Client.Dead">
            <summary>
            Is this client dead?
            If set to true, kills client.
            </summary>
        </member>
        <member name="P:GTServer.Server.Client.Delay">
            <summary>Average amount of latency between the server and this particular client.</summary>
        </member>
        <member name="P:GTServer.Server.Client.UdpPort">
            <summary>The UDP port in use, 0 if not set.</summary>
        </member>
        <member name="P:GTServer.Server.Client.RemoteIP">
            <summary>The remote computer's IP address, or null if not set.</summary>
        </member>
        <member name="P:GTServer.Server.Client.RemotePort">
            <summary>Theremote computer's Port, or null if not set.</summary>
        </member>
        <member name="P:GTServer.Server.Client.UniqueIdentity">
            <summary>The unique id of this client</summary>
        </member>
        <member name="E:GTServer.Server.Client.MessageReceived">
            <summary>Triggered when a message is received.</summary>
        </member>
        <member name="E:GTServer.Server.Client.ErrorEvent">
            <summary>Triggered when an error occurs in this client.</summary>
        </member>
    </members>
</doc>
