<?xml version="1.0"?>
<doc>
    <assembly>
        <name>GTClient</name>
    </assembly>
    <members>
        <member name="T:GTClient.RemoteTuple`1">
            <summary>Represents a 1-tuple.</summary>
            <typeparam name="T">The type of the tuple parameter T.</typeparam>
        </member>
        <member name="F:GTClient.RemoteTuple`1.x">
            <summary>The value of this tuple.</summary>
        </member>
        <member name="M:GTClient.RemoteTuple`1.#ctor">
            <summary>Constructor.</summary>
        </member>
        <member name="M:GTClient.RemoteTuple`1.#ctor(`0)">
            <summary>Constructor.</summary>
        </member>
        <member name="P:GTClient.RemoteTuple`1.X">
            <summary>A value of this tuple.</summary>
        </member>
        <member name="T:GTClient.RemoteTuple`2">
            <summary>Represents a 1-tuple.</summary>
            <typeparam name="T">The type of the tuple parameter T.</typeparam>
            <typeparam name="K">The type of the tuple parameter T.</typeparam>
        </member>
        <member name="F:GTClient.RemoteTuple`2.x">
            <summary>A value of this tuple.</summary>
        </member>
        <member name="F:GTClient.RemoteTuple`2.y">
            <summary>A value of this tuple.</summary>
        </member>
        <member name="M:GTClient.RemoteTuple`2.#ctor">
            <summary>Constructor.</summary>
        </member>
        <member name="M:GTClient.RemoteTuple`2.#ctor(`0,`1)">
            <summary>Constructor.</summary>
        </member>
        <member name="P:GTClient.RemoteTuple`2.X">
            <summary>A value of this tuple.</summary>
        </member>
        <member name="P:GTClient.RemoteTuple`2.Y">
            <summary>A value of this tuple.</summary>
        </member>
        <member name="T:GTClient.RemoteTuple`3">
            <summary>Represents a 1-tuple.</summary>
            <typeparam name="T">The type of the tuple parameter T.</typeparam>
            <typeparam name="K">The type of the tuple parameter K.</typeparam>
            <typeparam name="J">The type of the tuple parameter J.</typeparam>
        </member>
        <member name="F:GTClient.RemoteTuple`3.x">
            <summary>A value of this tuple.</summary>
        </member>
        <member name="F:GTClient.RemoteTuple`3.y">
            <summary>A value of this tuple.</summary>
        </member>
        <member name="F:GTClient.RemoteTuple`3.z">
            <summary>A value of this tuple.</summary>
        </member>
        <member name="M:GTClient.RemoteTuple`3.#ctor">
            <summary>Constructor.</summary>
        </member>
        <member name="M:GTClient.RemoteTuple`3.#ctor(`0,`1,`2)">
            <summary>Constructor.</summary>
        </member>
        <member name="P:GTClient.RemoteTuple`3.X">
            <summary>A value of this tuple.</summary>
        </member>
        <member name="P:GTClient.RemoteTuple`3.Y">
            <summary>A value of this tuple.</summary>
        </member>
        <member name="P:GTClient.RemoteTuple`3.Z">
            <summary>A value of this tuple.</summary>
        </member>
        <member name="T:GTClient.StreamedTupleReceivedDelegate`1">
            <summary>Delegate for tuples.</summary>
        </member>
        <member name="T:GTClient.StreamedTupleReceivedDelegate`2">
            <summary>Delegate for tuples.</summary>
        </member>
        <member name="T:GTClient.StreamedTupleReceivedDelegate`3">
            <summary>Delegate for tuples.</summary>
        </member>
        <member name="M:GTClient.StreamedTupleUtilities.Converter``1(``0)">
            <summary>Converts a IConvertible type into a byte array.</summary>
            <typeparam name="A">The IConvertible type.</typeparam>
            <param name="value">The value</param>
            <returns></returns>
        </member>
        <member name="M:GTClient.StreamedTupleUtilities.Converter``1(System.Byte[],System.Int32,System.Int32@)">
            <summary>Converts a portion of a byte array into some IConvertible type.</summary>
            <typeparam name="A">The IConvertible type to convert the byte array into.</typeparam>
            <param name="b">The byte array</param>
            <param name="index">The byte in the array at which to begin</param>
            <param name="length">The length of the type</param>
            <returns>The converted type.</returns>
        </member>
        <member name="T:GTClient.StreamedTuple`3">
            <summary>A three-tuple that is automatically streamed to the other clients.</summary>
            <typeparam name="T">X value</typeparam>
            <typeparam name="K">Y value</typeparam>
            <typeparam name="J">Z value</typeparam>
        </member>
        <member name="T:GTClient.StreamedTuple">
            <summary>
            Represents a tuple that automatically sends itself, and receives sends from others
            </summary>
        </member>
        <member name="P:GTClient.StreamedTuple.Address">
            <summary>
            The address that this tuple sends to
            </summary>
        </member>
        <member name="P:GTClient.StreamedTuple.Port">
            <summary>
            The port that this tuple sends to
            </summary>
        </member>
        <member name="P:GTClient.StreamedTuple.Connection">
            <summary>
            The network connection of this tuple
            </summary>
        </member>
        <member name="M:GTClient.StreamedTuple`3.#ctor(GTClient.ServerStream,System.Byte,System.Int32)">
            <summary>Creates a streaming tuple</summary>
            <param name="connection">The stream to send the tuples on</param>
            <param name="id">the stream id</param>
            <param name="milliseconds">Send the tuple only once during this interval</param>
        </member>
        <member name="P:GTClient.StreamedTuple`3.ID">
            <summary> This StringStream's ID. </summary>
        </member>
        <member name="P:GTClient.StreamedTuple`3.Connection">
            <summary> This StringStream uses this ServerStream.</summary>
        </member>
        <member name="P:GTClient.StreamedTuple`3.Delay">
            <summary>Average latency between the client and this particluar server.</summary>
        </member>
        <member name="P:GTClient.StreamedTuple`3.UniqueIdentity">
            <summary>Get the unique identity of the client for this server.
            This will be different for each server, and thus could be different for each connection.
            </summary>
        </member>
        <member name="P:GTClient.StreamedTuple`3.Address">
            <summary>Get the connection's destination address</summary>
        </member>
        <member name="P:GTClient.StreamedTuple`3.Port">
            <summary>Get the connection's destination port</summary>
        </member>
        <member name="P:GTClient.StreamedTuple`3.X">
            <summary>X value</summary>
        </member>
        <member name="P:GTClient.StreamedTuple`3.Y">
            <summary>Y value</summary>
        </member>
        <member name="P:GTClient.StreamedTuple`3.Z">
            <summary>Z value</summary>
        </member>
        <member name="E:GTClient.StreamedTuple`3.StreamedTupleReceived">
            <summary>Occurs when we receive a tuple from someone else.</summary>
        </member>
        <member name="T:GTClient.StreamedTuple`2">
            <summary>A two-tuple that is automatically streamed to the other clients.</summary>
            <typeparam name="T">X value</typeparam>
            <typeparam name="K">Y value</typeparam>
        </member>
        <member name="M:GTClient.StreamedTuple`2.#ctor(GTClient.ServerStream,System.Byte,System.Int32)">
            <summary>Creates a streaming tuple</summary>
            <param name="connection">The stream to send the tuples on</param>
            <param name="id">the stream id</param>
            <param name="milliseconds">Send the tuple only once during this interval</param>
        </member>
        <member name="P:GTClient.StreamedTuple`2.ID">
            <summary> This StringStream's ID. </summary>
        </member>
        <member name="P:GTClient.StreamedTuple`2.Connection">
            <summary> This StringStream uses this ServerStream.</summary>
        </member>
        <member name="P:GTClient.StreamedTuple`2.Delay">
            <summary>Average latency between the client and this particluar server.</summary>
        </member>
        <member name="P:GTClient.StreamedTuple`2.UniqueIdentity">
            <summary>Get the unique identity of the client for this server.
            This will be different for each server, and thus could be different for each connection.
            </summary>
        </member>
        <member name="P:GTClient.StreamedTuple`2.Address">
            <summary>Get the connection's destination address</summary>
        </member>
        <member name="P:GTClient.StreamedTuple`2.Port">
            <summary>Get the connection's destination port</summary>
        </member>
        <member name="P:GTClient.StreamedTuple`2.X">
            <summary>X value</summary>
        </member>
        <member name="P:GTClient.StreamedTuple`2.Y">
            <summary>Y value</summary>
        </member>
        <member name="E:GTClient.StreamedTuple`2.StreamedTupleReceived">
            <summary>Occurs when we receive a tuple from someone else.</summary>
        </member>
        <member name="T:GTClient.StreamedTuple`1">
            <summary>A one-tuple that is automatically streamed to the other clients.</summary>
            <typeparam name="T">X value</typeparam>
        </member>
        <member name="M:GTClient.StreamedTuple`1.#ctor(GTClient.ServerStream,System.Byte,System.Int32)">
            <summary>Creates a streaming tuple</summary>
            <param name="connection">The stream to send the tuples on</param>
            <param name="id">the stream id</param>
            <param name="milliseconds">Send the tuple only once during this interval</param>
        </member>
        <member name="P:GTClient.StreamedTuple`1.ID">
            <summary> This StringStream's ID. </summary>
        </member>
        <member name="P:GTClient.StreamedTuple`1.Connection">
            <summary> This StringStream uses this ServerStream.</summary>
        </member>
        <member name="P:GTClient.StreamedTuple`1.Delay">
            <summary>Average latency between the client and this particluar server.</summary>
        </member>
        <member name="P:GTClient.StreamedTuple`1.UniqueIdentity">
            <summary>Get the unique identity of the client for this server.
            This will be different for each server, and thus could be different for each connection.
            </summary>
        </member>
        <member name="P:GTClient.StreamedTuple`1.Address">
            <summary>Get the connection's destination address</summary>
        </member>
        <member name="P:GTClient.StreamedTuple`1.Port">
            <summary>Get the connection's destination port</summary>
        </member>
        <member name="P:GTClient.StreamedTuple`1.X">
            <summary>X value</summary>
        </member>
        <member name="E:GTClient.StreamedTuple`1.StreamedTupleReceived">
            <summary>Occurs when we receive a tuple from someone else.</summary>
        </member>
        <member name="T:GTClient.SimpleSharedDictionary">
            <summary>
            This is a very simple implementation of a shared dictionary.  It can be used
            like an array of serializable objects of unknown size, where strings are used 
            as keys.  If an object is put inside the array, it is pushed to other copies
            of the dictionary connected to the same network and channel.  If an object is
            taken from the array, the latest cached copy is returned.  If there is no
            cached copy yet (that is, if the client is relatively new), then null is returned,
            but the object is requested from other shared dictionaries on the network and 
            channel.  The emergent behaviour is a very simple shared dictionary that performs
            extremely fast reads but expensive writes, and is ideal for non-streaming datasets.
            Examples of information that would be great to store in this dictionary would be
            user information like colour, preferences, avatar appearance, and object descriptions.
            Consistancy is achieved by assuming that each client only writes to their own keys,
            like "myclientname/objectname/whatever", or that writes are infrequeny enough that
            there is very little chance that two client will try to write to an object at the same
            time.  When an object is changed, an event is triggered describing which object has
            been updated.
            
            Enjoy!
            </summary>
        </member>
        <member name="F:GTClient.SimpleSharedDictionary.Master">
            <summary>
            Keys on this list will not be updated from the network.  This is useful for security
            purposes, to prevent someone else from changing your own telepointer or avatar position or
            whatever else without your permission.
            </summary>
        </member>
        <member name="M:GTClient.SimpleSharedDictionary.#ctor(GTClient.IBinaryStream)">
            <summary>
            This is a very simple implementation of a shared dictionary.  It can be used
            like an array of serializable objects of unknown size, where strings are used 
            as keys.  If an object is put inside the array, it is pushed to other copies
            of the dictionary connected to the same network and channel.  If an object is
            taken from the array, the latest cached copy is returned.  If there is no
            cached copy yet (that is, if the client is relatively new), then null is returned,
            but the object is requested from other shared dictionaries on the network and 
            channel.  The emergent behaviour is a very simple shared dictionary that performs
            extremely fast reads but expensive writes, and is ideal for non-streaming datasets.
            Examples of information that would be great to store in this dictionary would be
            user information like colour, preferences, avatar appearance, and object descriptions.
            Consistancy is achieved by assuming that each client only writes to their own keys,
            like "myclientname/objectname/whatever", or that writes are infrequeny enough that
            there is very little chance that two client will try to write to an object at the same
            time.  When an object is changed, an event is triggered describing which object has
            been updated.
            </summary>
            <param name="bs">A networked binary connection of some sort.  A compressed connection is recommended.</param>
        </member>
        <member name="E:GTClient.SimpleSharedDictionary.ChangeEvent">
            <summary>
            Triggered when a key has been updated
            </summary>
        </member>
        <member name="P:GTClient.SimpleSharedDictionary.Item(System.String)">
            <summary>
            Treat this shared dictionary as an array.  Remember that changes are only broadcast when
            an object is put back into it.
            </summary>
            <param name="key">A string of any length representing a dictionary key</param>
            <returns>An object tied to this key</returns>
        </member>
        <member name="P:GTClient.SimpleSharedDictionary.UniqueIdentity">
            <summary>
            A unique number that no other client has in relation to this server.
            If zero, don't use.  It will be assigned a unique number by the server soon after connecting.
            </summary>
        </member>
        <member name="T:GTClient.SimpleSharedDictionary.Change">
            <summary>
            This method will handle a change event
            </summary>
            <param name="key">The key that has been changed</param>
        </member>
        <member name="T:GTClient.SystemMessageType">
            <summary>Internal message types for SystemMessages to have.</summary>
        </member>
        <member name="T:GTClient.MessageType">
            <summary>Possible message types for Messages to have.</summary>
        </member>
        <member name="F:GTClient.MessageType.Binary">
            <summary>This message is a byte array</summary>
        </member>
        <member name="F:GTClient.MessageType.Object">
            <summary>This message is an object</summary>
        </member>
        <member name="F:GTClient.MessageType.String">
            <summary>This message is a string</summary>
        </member>
        <member name="F:GTClient.MessageType.System">
            <summary>This message is for the system, and special</summary>
        </member>
        <member name="F:GTClient.MessageType.Session">
            <summary>This message refers to a session</summary>
        </member>
        <member name="F:GTClient.MessageType.Tuple1D">
            <summary>This message refers to a streaming 1-tuple</summary>
        </member>
        <member name="F:GTClient.MessageType.Tuple2D">
            <summary>This message refers to a streaming 2-tuple</summary>
        </member>
        <member name="F:GTClient.MessageType.Tuple3D">
            <summary>This message refers to a streaming 3-tuple</summary>
        </member>
        <member name="T:GTClient.MessageProtocol">
            <summary>Possible ways messages can be sent.</summary>
        </member>
        <member name="F:GTClient.MessageProtocol.Tcp">
            <summary>This message will be sent via TCP, and is very reliable.</summary>
        </member>
        <member name="F:GTClient.MessageProtocol.Udp">
            <summary>This message will be sent via UDP, and is not reliable at all.</summary>
        </member>
        <member name="T:GTClient.MessageAggregation">
            <summary>Should this message be aggregated?</summary>
        </member>
        <member name="F:GTClient.MessageAggregation.Yes">
            <summary>This message will be saved, and sent dependant on the specified message ordering</summary>
        </member>
        <member name="F:GTClient.MessageAggregation.No">
            <summary>This message will be sent immediately</summary>
        </member>
        <member name="T:GTClient.MessageOrder">
            <summary>Which messages should be sent before this one?</summary>
        </member>
        <member name="F:GTClient.MessageOrder.All">
            <summary>This message will flush all other saved-to-be-aggregated messages out beforehand</summary>
        </member>
        <member name="F:GTClient.MessageOrder.AllChannel">
            <summary>This message will flush all other saved-to-be-aggregated messages on this channel out beforehand</summary>
        </member>
        <member name="F:GTClient.MessageOrder.None">
            <summary>This message will be sent immediately, without worrying about any saved-to-be-aggregated messages</summary>
        </member>
        <member name="T:GTClient.MessageTimeliness">
            <summary>Should receiving clients keep old messages?</summary>
        </member>
        <member name="F:GTClient.MessageTimeliness.RealTime">
            <summary>Throw away old messages</summary>
        </member>
        <member name="F:GTClient.MessageTimeliness.NonRealTime">
            <summary>Keep old messages</summary>
        </member>
        <member name="T:GTClient.SessionAction">
            <summary>Session action performed.  We can add a lot more to this list.</summary>
        </member>
        <member name="F:GTClient.SessionAction.Joined">
            <summary>This client is joining this session.</summary>
        </member>
        <member name="F:GTClient.SessionAction.Lives">
            <summary>This client is part of this session.</summary>
        </member>
        <member name="F:GTClient.SessionAction.Inactive">
            <summary>This client is inactive.</summary>
        </member>
        <member name="F:GTClient.SessionAction.Left">
            <summary>This client is leaving this session.</summary>
        </member>
        <member name="T:GTClient.SessionNewMessage">
            <summary>Handles a Message event, when a message arrives.</summary>
            <param name="stream">The stream that has the new message.</param>
        </member>
        <member name="T:GTClient.StringNewMessage">
            <summary>Handles a Message event, when a message arrives.</summary>
            /// <param name="stream">The stream that has the new message.</param>
        </member>
        <member name="T:GTClient.ObjectNewMessage">
            <summary>Handles a Message event, when a message arrives.</summary>
            /// <param name="stream">The stream that has the new message.</param>
        </member>
        <member name="T:GTClient.BinaryNewMessage">
            <summary>Handles a Message event, when a message arrives.</summary>
            /// <param name="stream">The stream that has the new message.</param>
        </member>
        <member name="T:GTClient.ErrorEventHandler">
            <summary>Handles a Error event, when an error occurs on the network.</summary>
            <param name="e">The exception.  May be null.</param>
            <param name="se">The networking error type.</param>
            <param name="ss">The server stream in which it occurred.  May be null if exception not in ServerStream.</param>
            <param name="explanation">A string describing the problem.</param>
        </member>
        <member name="T:GTClient.UpdateEventDelegate">
            <summary>Occurs whenever this client is updated.</summary>
        </member>
        <member name="T:GTClient.SessionMessage">
            <summary>A message from a session about id</summary>
        </member>
        <member name="F:GTClient.SessionMessage.Action">
            <summary>What id did.</summary>
        </member>
        <member name="F:GTClient.SessionMessage.ClientId">
            <summary>Who is doing it.</summary>
        </member>
        <member name="M:GTClient.SessionMessage.#ctor(System.Int32,GTClient.SessionAction)">
            <summary>Create a new SessionMessage</summary>
            <param name="clientId">What id did.</param>
            <param name="e">Who is doing it.</param>
        </member>
        <member name="T:GTClient.MessageIn">
            <summary>Represents a message from the server.</summary>
        </member>
        <member name="F:GTClient.MessageIn.id">
            <summary>The channel that this message is on.</summary>
        </member>
        <member name="F:GTClient.MessageIn.type">
            <summary>The type of message.</summary>
        </member>
        <member name="F:GTClient.MessageIn.data">
            <summary>The data of the message.</summary>
        </member>
        <member name="F:GTClient.MessageIn.ss">
            <summary>The server that sent the message.</summary>
        </member>
        <member name="M:GTClient.MessageIn.#ctor(System.Byte,GTClient.MessageType,System.Byte[],GTClient.ServerStream)">
            <summary>
            Creates a new message.
            </summary>
            <param name="id">The channel that this message is on.</param>
            <param name="type">The type of message.</param>
            <param name="data">The data of the message.</param>
            <param name="ss">The server that sent the message.</param>
        </member>
        <member name="T:GTClient.MessageOut">
            <summary>Represents a message going to the server.</summary>
        </member>
        <member name="F:GTClient.MessageOut.id">
            <summary>The channel that this message is on.</summary>
        </member>
        <member name="F:GTClient.MessageOut.type">
            <summary>The type of message.</summary>
        </member>
        <member name="F:GTClient.MessageOut.data">
            <summary>The data of the message.</summary>
        </member>
        <member name="F:GTClient.MessageOut.ordering">
            <summary>The ordering of the message.</summary>
        </member>
        <member name="M:GTClient.MessageOut.#ctor(System.Byte,GTClient.MessageType,System.Byte[],GTClient.MessageOrder)">
            <summary>
            Creates a new message.
            </summary>
            <param name="id">The channel that this message is on.</param>
            <param name="type">The type of message.</param>
            <param name="data">The data of the message.</param>
            <param name="ordering">The ordering of the message.</param>
        </member>
        <member name="T:GTClient.ISessionStream">
            <summary>A connection of session events.</summary>
        </member>
        <member name="M:GTClient.ISessionStream.Send(GTClient.SessionAction)">
            <summary>Send a session action to the server</summary>
            <param name="action">The action</param>
        </member>
        <member name="M:GTClient.ISessionStream.Send(GTClient.SessionAction,GTClient.MessageProtocol)">
            <summary>Send a session action to the server</summary>
            <param name="action">The action</param>
            <param name="reli">How to send it</param>
        </member>
        <member name="M:GTClient.ISessionStream.Send(GTClient.SessionAction,GTClient.MessageProtocol,GTClient.MessageAggregation,GTClient.MessageOrder)">
            <summary>Send a session action to the server</summary>
            <param name="action">The action</param>
            <param name="reli">How to send it</param>
            <param name="aggr">Should the message be saved to be packed with others?</param>
            <param name="ordering">In what order should this message be sent in relation to other aggregated messages</param>
        </member>
        <member name="M:GTClient.ISessionStream.DequeueMessage(System.Int32)">
            <summary>Take a SessionMessage off the queue of received messages.</summary>
            <param name="index">Which one to take off, the higher number being newer messages.</param>
            <returns>The message.</returns>
        </member>
        <member name="M:GTClient.ISessionStream.FlushAllOutgoingMessagesOnChannel(GTClient.MessageProtocol)">
            <summary>Flush all aggregated messages on this connection</summary>
            <param name="protocol"></param>
        </member>
        <member name="P:GTClient.ISessionStream.Messages">
            <summary>Received messages from the server.</summary>
        </member>
        <member name="P:GTClient.ISessionStream.Delay">
            <summary>Average latency between the client and this particluar server.</summary>
        </member>
        <member name="E:GTClient.ISessionStream.SessionNewMessageEvent">
            <summary> Occurs when this connection receives a message. </summary>
        </member>
        <member name="P:GTClient.ISessionStream.UniqueIdentity">
            <summary> Get the unique identity of the client for this server.  This will be
            different for each server, and thus could be different for each connection. </summary>
        </member>
        <member name="E:GTClient.ISessionStream.UpdateEvent">
            <summary>Occurs whenever this client is updated.</summary>
        </member>
        <member name="T:GTClient.IStringStream">
            <summary>A connection of strings.</summary>
        </member>
        <member name="M:GTClient.IStringStream.Send(System.String)">
            <summary>Send a string to the server</summary>
            <param name="s">The string</param>
        </member>
        <member name="M:GTClient.IStringStream.Send(System.String,GTClient.MessageProtocol)">
            <summary>Send a string to the server, specifying how.</summary>
            <param name="s">The string to send.</param>
            <param name="reli">What method to send it by.</param>
        </member>
        <member name="M:GTClient.IStringStream.Send(System.String,GTClient.MessageProtocol,GTClient.MessageAggregation,GTClient.MessageOrder)">
            <summary>Send a string to the server, specifying how.</summary>
            <param name="s">The string to send.</param>
            <param name="reli">What method to send it by.</param>
            <param name="aggr">Should the message be saved to be packed with others?</param>
            <param name="ordering">In what order should this message be sent in relation to other aggregated messages.</param>
        </member>
        <member name="M:GTClient.IStringStream.DequeueMessage(System.Int32)">
            <summary>Take a String off the queue of received messages.</summary>
            <param name="index">Which message to take, with higher numbers being newer messages.</param>
            <returns>The message.</returns>
        </member>
        <member name="M:GTClient.IStringStream.FlushAllOutgoingMessagesOnChannel(GTClient.MessageProtocol)">
            <summary>Flush all aggregated messages on this connection</summary>
            <param name="protocol"></param>
        </member>
        <member name="P:GTClient.IStringStream.Messages">
            <summary>Received messages from the server.</summary>
        </member>
        <member name="P:GTClient.IStringStream.Delay">
            <summary>Average latency between the client and this particluar server.</summary>
        </member>
        <member name="E:GTClient.IStringStream.StringNewMessageEvent">
            <summary> Occurs when this connection receives a message. </summary>
        </member>
        <member name="P:GTClient.IStringStream.UniqueIdentity">
            <summary>Get the unique identity of the client for this server.
            This will be different for each server, and thus could be different for each connection.</summary>
        </member>
        <member name="E:GTClient.IStringStream.UpdateEvent">
            <summary>Occurs whenever this client is updated.</summary>
        </member>
        <member name="T:GTClient.IObjectStream">
            <summary>A connection of objects.</summary>
        </member>
        <member name="M:GTClient.IObjectStream.Send(System.Object)">
            <summary>Send an object.</summary>
            <param name="o">The object to send.</param>
        </member>
        <member name="M:GTClient.IObjectStream.Send(System.Object,GTClient.MessageProtocol)">
            <summary>Send an object using the specified method.</summary>
            <param name="o">The object to send.</param>
            <param name="reli">How to send the object.</param>
        </member>
        <member name="M:GTClient.IObjectStream.Send(System.Object,GTClient.MessageProtocol,GTClient.MessageAggregation,GTClient.MessageOrder)">
            <summary>Send an object using the specified method.</summary>
            <param name="o">The object to send.</param>
            <param name="reli">How to send the object.</param>
            <param name="aggr">Should the message be saved to be packed with others?</param>
            <param name="ordering">In what order should this message be sent in relation to other aggregated messages.</param>
        </member>
        <member name="M:GTClient.IObjectStream.DequeueMessage(System.Int32)">
            <summary>Dequeues an object from the message list.</summary>
            <param name="index">Which to dequeue, where a higher number means a newer message.</param>
            <returns>The object that was there.</returns>
        </member>
        <member name="M:GTClient.IObjectStream.FlushAllOutgoingMessagesOnChannel(GTClient.MessageProtocol)">
            <summary>Flush all aggregated messages on this connection</summary>
            <param name="protocol"></param>
        </member>
        <member name="P:GTClient.IObjectStream.Messages">
            <summary>Received messages from the server.</summary>
        </member>
        <member name="P:GTClient.IObjectStream.Delay">
            <summary>Average latency between the client and this particluar server.</summary>
        </member>
        <member name="E:GTClient.IObjectStream.ObjectNewMessageEvent">
            <summary> Occurs when this connection receives a message. </summary>
        </member>
        <member name="P:GTClient.IObjectStream.UniqueIdentity">
            <summary>Get the unique identity of the client for this server.
            This will be different for each server, and thus could be different for each connection.
            </summary>
        </member>
        <member name="E:GTClient.IObjectStream.UpdateEvent">
            <summary>Occurs whenever this client is updated.</summary>
        </member>
        <member name="T:GTClient.IBinaryStream">
            <summary>A connection of byte arrays.</summary>
        </member>
        <member name="M:GTClient.IBinaryStream.Send(System.Byte[])">
            <summary>Send a byte array</summary>
            <param name="b">The byte array to send</param>
        </member>
        <member name="M:GTClient.IBinaryStream.Send(System.Byte[],GTClient.MessageProtocol)">
            <summary>Send a byte array in the specified way</summary>
            <param name="b">The byte array to send</param>
            <param name="reli">The way to send it</param>
        </member>
        <member name="M:GTClient.IBinaryStream.Send(System.Byte[],GTClient.MessageProtocol,GTClient.MessageAggregation,GTClient.MessageOrder)">
            <summary>Send a byte array in the specified way</summary>
            <param name="b">The byte array to send</param>
            <param name="reli">The way to send it</param>
            <param name="aggr">Should the message be saved to be packed with others?</param>
            <param name="ordering">In what order should this message be sent in relation to other aggregated messages</param>
        </member>
        <member name="M:GTClient.IBinaryStream.DequeueMessage(System.Int32)">
            <summary>Takes a message from the message list</summary>
            <param name="index">The message to take, where a higher number means a newer message</param>
            <returns>The byte array of the message</returns>
        </member>
        <member name="M:GTClient.IBinaryStream.FlushAllOutgoingMessagesOnChannel(GTClient.MessageProtocol)">
            <summary>Flush all aggregated messages on this connection</summary>
            <param name="protocol"></param>
        </member>
        <member name="P:GTClient.IBinaryStream.Messages">
            <summary>Received messages from the server.</summary>
        </member>
        <member name="P:GTClient.IBinaryStream.Delay">
            <summary>Average latency between the client and this particluar server.</summary>
        </member>
        <member name="E:GTClient.IBinaryStream.BinaryNewMessageEvent">
            <summary> Occurs when this connection receives a message. </summary>
        </member>
        <member name="P:GTClient.IBinaryStream.UniqueIdentity">
            <summary>Get the unique identity of the client for this server.
            This will be different for each server, and thus could be different for each connection.
            </summary>
        </member>
        <member name="E:GTClient.IBinaryStream.UpdateEvent">
            <summary>Occurs whenever this client is updated.</summary>
        </member>
        <member name="T:GTClient.SessionStream">
            <summary>A connection of session events.</summary>
        </member>
        <member name="M:GTClient.SessionStream.#ctor(GTClient.ServerStream,System.Byte)">
            <summary>Create a SessionStream object.</summary>
            <param name="stream">The SuperStream to use to actually send the messages.</param>
            <param name="id">What channel this will be.</param>
        </member>
        <member name="M:GTClient.SessionStream.Send(GTClient.SessionAction)">
            <summary>Send a session action to the server.</summary>
            <param name="action">The action.</param>
        </member>
        <member name="M:GTClient.SessionStream.Send(GTClient.SessionAction,GTClient.MessageProtocol)">
            <summary>Send a session action to the server.</summary>
            <param name="action">The action.</param>
            <param name="reli">How to send it.</param>
        </member>
        <member name="M:GTClient.SessionStream.Send(GTClient.SessionAction,GTClient.MessageProtocol,GTClient.MessageAggregation,GTClient.MessageOrder)">
            <summary>Send a session action to the server.</summary>
            <param name="action">The action.</param>
            <param name="reli">How to send it.</param>
            <param name="aggr">Should the message be saved to be packed with others?</param>
            <param name="ordering">In what order should this message be sent in relation to other aggregated messages.</param>
        </member>
        <member name="M:GTClient.SessionStream.DequeueMessage(System.Int32)">
            <summary>Take a SessionMessage off the queue of received messages.</summary>
            <param name="index">Which one to take off, the higher number being newer messages.</param>
            <returns>The message.</returns>
        </member>
        <member name="M:GTClient.SessionStream.QueueMessage(GTClient.MessageIn)">
            <summary>Queue a message in the list, triggering events</summary>
            <param name="message">The message to be queued.</param>
        </member>
        <member name="M:GTClient.SessionStream.FlushAllOutgoingMessagesOnChannel(GTClient.MessageProtocol)">
            <summary>Flush all aggregated messages on this connection</summary>
            <param name="protocol"></param>
        </member>
        <member name="E:GTClient.SessionStream.UpdateEvent">
            <summary> Occurs when client is updated. </summary>
        </member>
        <member name="P:GTClient.SessionStream.ID">
            <summary> This SessionStream's ID. </summary>
        </member>
        <member name="P:GTClient.SessionStream.Connection">
            <summary> This SessionStream uses this ServerStream. </summary>
        </member>
        <member name="E:GTClient.SessionStream.SessionNewMessageEvent">
            <summary> Occurs when this session receives a message. </summary>
        </member>
        <member name="P:GTClient.SessionStream.Delay">
            <summary>Average latency between the client and this particluar server.</summary>
        </member>
        <member name="P:GTClient.SessionStream.Messages">
            <summary>Received messages from the server.</summary>
        </member>
        <member name="P:GTClient.SessionStream.UniqueIdentity">
            <summary> Get the unique identity of the client for this server.  This will be
            different for each server, and thus could be different for each connection. </summary>
        </member>
        <member name="P:GTClient.SessionStream.Address">
            <summary> Get the connection's destination address </summary>
        </member>
        <member name="P:GTClient.SessionStream.Port">
            <summary>Get the connection's destination port</summary>
        </member>
        <member name="T:GTClient.StringStream">
            <summary>A connection of strings.</summary>
        </member>
        <member name="M:GTClient.StringStream.#ctor(GTClient.ServerStream,System.Byte)">
            <summary>Create a StringStream object.</summary>
            <param name="stream">The SuperStream to use to actually send the messages.</param>
            <param name="id">What channel this will be.</param>
        </member>
        <member name="M:GTClient.StringStream.Send(System.String)">
            <summary>Send a string to the server.</summary>
            <param name="b">The string.</param>
        </member>
        <member name="M:GTClient.StringStream.Send(System.String,GTClient.MessageProtocol)">
            <summary>Send a string to the server, specifying how.</summary>
            <param name="b">The string to send.</param>
            <param name="reli">What method to send it by.</param>
        </member>
        <member name="M:GTClient.StringStream.Send(System.String,GTClient.MessageProtocol,GTClient.MessageAggregation,GTClient.MessageOrder)">
            <summary>Send a string to the server, specifying how.</summary>
            <param name="b">The string to send.</param>
            <param name="reli">What method to send it by.</param>
            <param name="aggr">Should the message be saved to be packed with others?</param>
            <param name="ordering">In what order should this message be sent in relation to other aggregated messages.</param>
        </member>
        <member name="M:GTClient.StringStream.DequeueMessage(System.Int32)">
            <summary>Take a String off the queue of received messages.</summary>
            <param name="index">Which message to take, with higher numbers being newer messages.</param>
            <returns>The message.</returns>
        </member>
        <member name="M:GTClient.StringStream.QueueMessage(GTClient.MessageIn)">
            <summary>Queue a message in the list, triggering events</summary>
            <param name="message">The message to be queued.</param>
        </member>
        <member name="M:GTClient.StringStream.FlushAllOutgoingMessagesOnChannel(GTClient.MessageProtocol)">
            <summary>Flush all aggregated messages on this connection</summary>
            <param name="protocol"></param>
        </member>
        <member name="E:GTClient.StringStream.UpdateEvent">
            <summary> Occurs when client is updated. </summary>
        </member>
        <member name="P:GTClient.StringStream.ID">
            <summary> This StringStream's ID. </summary>
        </member>
        <member name="P:GTClient.StringStream.Connection">
            <summary> This StringStream uses this ServerStream. </summary>
        </member>
        <member name="E:GTClient.StringStream.StringNewMessageEvent">
            <summary> Occurs when this connection receives a message. </summary>
        </member>
        <member name="P:GTClient.StringStream.Delay">
            <summary>Average latency between the client and this particluar server.</summary>
        </member>
        <member name="P:GTClient.StringStream.Messages">
            <summary>Received messages from the server.</summary>
        </member>
        <member name="P:GTClient.StringStream.UniqueIdentity">
            <summary>Get the unique identity of the client for this server.
            This will be different for each server, and thus could be different for each connection.</summary>
        </member>
        <member name="P:GTClient.StringStream.Address">
            <summary>Get the connection's destination address</summary>
        </member>
        <member name="P:GTClient.StringStream.Port">
            <summary>Get the connection's destination port</summary>
        </member>
        <member name="T:GTClient.ObjectStream">
            <summary>A connection of Objects.</summary>
        </member>
        <member name="M:GTClient.ObjectStream.#ctor(GTClient.ServerStream,System.Byte)">
            <summary>Create an ObjectStream object.</summary>
            <param name="stream">The SuperStream to use to actually send the objects.</param>
            <param name="id">The channel we will claim.</param>
        </member>
        <member name="M:GTClient.ObjectStream.Send(System.Object)">
            <summary>Send an object.</summary>
            <param name="o">The object to send.</param>
        </member>
        <member name="M:GTClient.ObjectStream.Send(System.Object,GTClient.MessageProtocol)">
            <summary>Send an object using the specified method.</summary>
            <param name="o">The object to send.</param>
            <param name="reli">How to send the object.</param>
        </member>
        <member name="M:GTClient.ObjectStream.Send(System.Object,GTClient.MessageProtocol,GTClient.MessageAggregation,GTClient.MessageOrder)">
            <summary>Send an object using the specified method.</summary>
            <param name="o">The object to send.</param>
            <param name="reli">How to send the object.</param>
            <param name="aggr">Should the message be saved to be packed with others?</param>
            <param name="ordering">In what order should this message be sent in relation to other aggregated messages.</param>
        </member>
        <member name="M:GTClient.ObjectStream.DequeueMessage(System.Int32)">
            <summary>Dequeues an object from the message list.</summary>
            <param name="index">Which to dequeue, where a higher number means a newer message.</param>
            <returns>The object that was there.</returns>
        </member>
        <member name="M:GTClient.ObjectStream.QueueMessage(GTClient.MessageIn)">
            <summary>Queue a message in the list, triggering events</summary>
            <param name="message">The message to be queued.</param>
        </member>
        <member name="M:GTClient.ObjectStream.FlushAllOutgoingMessagesOnChannel(GTClient.MessageProtocol)">
            <summary>Flush all aggregated messages on this connection</summary>
            <param name="protocol"></param>
        </member>
        <member name="E:GTClient.ObjectStream.UpdateEvent">
            <summary> Occurs when client is updated. </summary>
        </member>
        <member name="P:GTClient.ObjectStream.ID">
            <summary> This StringStream's ID. </summary>
        </member>
        <member name="P:GTClient.ObjectStream.Connection">
            <summary> This StringStream uses this ServerStream.</summary>
        </member>
        <member name="E:GTClient.ObjectStream.ObjectNewMessageEvent">
            <summary> Occurs when this connection receives a message. </summary>
        </member>
        <member name="P:GTClient.ObjectStream.Delay">
            <summary>Average latency between the client and this particluar server.</summary>
        </member>
        <member name="P:GTClient.ObjectStream.Messages">
            <summary>Received messages from the server.</summary>
        </member>
        <member name="P:GTClient.ObjectStream.UniqueIdentity">
            <summary>Get the unique identity of the client for this server.
            This will be different for each server, and thus could be different for each connection.
            </summary>
        </member>
        <member name="P:GTClient.ObjectStream.Address">
            <summary>Get the connection's destination address</summary>
        </member>
        <member name="P:GTClient.ObjectStream.Port">
            <summary>Get the connection's destination port</summary>
        </member>
        <member name="T:GTClient.BinaryStream">
            <summary>A connection of byte arrays.</summary>
        </member>
        <member name="M:GTClient.BinaryStream.#ctor(GTClient.ServerStream,System.Byte)">
            <summary>Creates a BinaryStream object.</summary>
            <param name="stream">The SuperStream object on which to actually send the objects.</param>
            <param name="id">The channel to claim.</param>
        </member>
        <member name="M:GTClient.BinaryStream.Send(System.Byte[])">
            <summary>Send a byte array.</summary>
            <param name="b">The byte array to send.</param>
        </member>
        <member name="M:GTClient.BinaryStream.Send(System.Byte[],GTClient.MessageProtocol)">
            <summary>Send a byte array in the specified way.</summary>
            <param name="b">The byte array to send.</param>
            <param name="reli">The way to send it.</param>
        </member>
        <member name="M:GTClient.BinaryStream.Send(System.Byte[],GTClient.MessageProtocol,GTClient.MessageAggregation,GTClient.MessageOrder)">
            <summary>Send a byte array in the specified way.</summary>
            <param name="b">The byte array to send.</param>
            <param name="reli">The way to send it.</param>
            <param name="aggr">Should the message be saved to be packed with others?</param>
            <param name="ordering">In what order should this message be sent in relation to other aggregated messages.</param>
        </member>
        <member name="M:GTClient.BinaryStream.DequeueMessage(System.Int32)">
            <summary>Takes a message from the message list.</summary>
            <param name="index">The message to take, where a higher number means a newer message.</param>
            <returns>The byte array of the message.</returns>
        </member>
        <member name="M:GTClient.BinaryStream.QueueMessage(GTClient.MessageIn)">
            <summary>Queue a message in the list, triggering events</summary>
            <param name="message">The message to be queued.</param>
        </member>
        <member name="M:GTClient.BinaryStream.FlushAllOutgoingMessagesOnChannel(GTClient.MessageProtocol)">
            <summary>Flush all aggregated messages on this connection</summary>
            <param name="protocol"></param>
        </member>
        <member name="E:GTClient.BinaryStream.UpdateEvent">
            <summary> Occurs when client is updated. </summary>
        </member>
        <member name="P:GTClient.BinaryStream.ID">
            <summary> This StringStream's ID. </summary>
        </member>
        <member name="P:GTClient.BinaryStream.Connection">
            <summary> This StringStream uses this ServerStream.</summary>
        </member>
        <member name="E:GTClient.BinaryStream.BinaryNewMessageEvent">
            <summary> Occurs when this connection receives a message. </summary>
        </member>
        <member name="P:GTClient.BinaryStream.Delay">
            <summary>Average latency between the client and this particluar server.</summary>
        </member>
        <member name="P:GTClient.BinaryStream.Messages">
            <summary>Received messages from the server.</summary>
        </member>
        <member name="P:GTClient.BinaryStream.UniqueIdentity">
            <summary>Get the unique identity of the client for this server.
            This will be different for each server, and thus could be different for each connection.
            </summary>
        </member>
        <member name="P:GTClient.BinaryStream.Address">
            <summary>Get the connection's destination address</summary>
        </member>
        <member name="P:GTClient.BinaryStream.Port">
            <summary>Get the connection's destination port</summary>
        </member>
        <member name="T:GTClient.ServerStream">
            <summary>Controls the sending of messages to a particular server.</summary>
        </member>
        <member name="F:GTClient.ServerStream.LastError">
            <summary>The last error encountered</summary>
        </member>
        <member name="F:GTClient.ServerStream.Delay">
            <summary>The average amount of latency between this client and the server.</summary>
        </member>
        <member name="F:GTClient.ServerStream.UniqueIdentity">
            <summary>The unique identity of the client for this server.
            This will be different for each server, and thus could be different for each connection.</summary>
        </member>
        <member name="F:GTClient.ServerStream.messages">
            <summary>Messages from the Server.</summary>
        </member>
        <member name="M:GTClient.ServerStream.Reconnect">
            <summary>Reset the superstream and reconnect to the server (blocks)</summary>
        </member>
        <member name="M:GTClient.ServerStream.SendTcpMessage(System.Byte[])">
            <summary>Send TCP message to server.</summary>
            <param name="buffer">The message to send.</param>
        </member>
        <member name="M:GTClient.ServerStream.SendUdpMessage(System.Byte[])">
            <summary>Send UDP message to server.</summary>
            <param name="buffer">The message to send.</param>
        </member>
        <member name="M:GTClient.ServerStream.Aggregate(System.Byte[],System.Byte,GTClient.MessageType,GTClient.MessageProtocol,GTClient.MessageOrder)">
            <summary>Adds the message to a list, waiting to be sent out.</summary>
            <param name="data">The data that will wait</param>
            <param name="id">The channel it will be sent on</param>
            <param name="type">The type of data this is</param>
            <param name="ordering">The ordering of how it will be sent</param>
            <param name="protocol">How it should be sent out</param>
        </member>
        <member name="M:GTClient.ServerStream.Send(System.Byte[],System.Byte,GTClient.MessageType,GTClient.MessageProtocol,GTClient.MessageAggregation,GTClient.MessageOrder)">
            <summary>Send a message using these parameters.</summary>
            <param name="data">The data to send.</param>
            <param name="id">What channel to send it on.</param>
            <param name="type">What type of data it is.</param>
            <param name="protocol">How to send it.</param>
            <param name="aggr">Should this data be aggregated?</param>
            <param name="ordering">What data should be sent before this?</param>
        </member>
        <member name="M:GTClient.ServerStream.FlushOutgoingMessages(System.Byte,GTClient.MessageProtocol)">
            <summary>Flushes outgoing tcp or udp messages on this channel only</summary>
        </member>
        <member name="M:GTClient.ServerStream.FlushOutgoingMessages(GTClient.MessageProtocol)">
            <summary>Flushes outgoing tcp or udp messages</summary>
        </member>
        <member name="M:GTClient.ServerStream.FindFirstChannelMessageInList(System.Byte,System.Collections.Generic.List{GTClient.MessageOut})">
            <summary>Return the first message of a certain channel in a list</summary>
            <param name="id">The channel id</param>
            <param name="list">The list</param>
            <returns>The first message of this channel</returns>
        </member>
        <member name="M:GTClient.ServerStream.FindFirstMessageInList(System.Collections.Generic.List{GTClient.MessageOut})">
            <summary>Return the first message in a list of messages</summary>
            <param name="list">The list</param>
            <returns>The first message</returns>
        </member>
        <member name="M:GTClient.ServerStream.TryAndFlushOldTcpBytesOut">
            <summary> Flushes out old messages that couldn't be sent because of exceptions</summary>
            <returns>True if there are bytes that still have to be sent out</returns>
        </member>
        <member name="M:GTClient.ServerStream.TryAndFlushOldUdpBytesOut">
            <summary> Flushes out old messages that couldn't be sent because of exceptions</summary>
            <returns>True if there are bytes that still have to be sent out</returns>
        </member>
        <member name="M:GTClient.ServerStream.Update">
            <summary>A single tick of the SuperStream.</summary>
        </member>
        <member name="M:GTClient.ServerStream.UpdateFromNetworkUdp">
            <summary>Get data from the UDP connection and interpret them.</summary>
        </member>
        <member name="M:GTClient.ServerStream.UpdateFromNetworkTcp">
            <summary>Get one message from the tcp connection and interpret it.</summary>
        </member>
        <member name="M:GTClient.ServerStream.HandleSystemMessage(System.Byte,System.Byte[])">
            <summary>Deal with a system message in whatever way we need to.</summary>
            <param name="id">The channel it came alone.</param>
            <param name="buffer">The data that came along with it.</param>
        </member>
        <member name="M:GTClient.ServerStream.#ctor(System.String,System.String)">
            <summary>Create a new SuperStream to handle a connection to a server. (blocks)</summary>
            <param name="address">Who to try to connect to.</param>
            <param name="port">Which port to connect to.</param>
        </member>
        <member name="M:GTClient.ServerStream.Ping">
            <summary>Ping the server to determine delay, as well as act as a keep-alive.</summary>
        </member>
        <member name="E:GTClient.ServerStream.ErrorEvent">
            <summary>Occurs when there is an error.</summary>
        </member>
        <member name="P:GTClient.ServerStream.Address">
            <summary>What is the address of the server?  Thread-safe.</summary>
        </member>
        <member name="P:GTClient.ServerStream.Port">
            <summary>What is the TCP port of the server.  Thread-safe.</summary>
        </member>
        <member name="P:GTClient.ServerStream.Dead">
            <summary>Is this connection dead?
            If set to true, then this connection is killed.
            If set to false while this connection is dead, then this connection will be reestablished.</summary>
        </member>
        <member name="T:GTClient.Client">
            <summary>Represents a client that can connect to multiple servers.</summary>
        </member>
        <member name="F:GTClient.Client.PingInterval">
            <summary>How often to ping the servers.  These are keep-alives.</summary>
        </member>
        <member name="F:GTClient.Client.ListeningInterval">
            <summary>How often to check the network for new data.
            Only applies if StartListeningOnSeperateThread() or StartListening() methods 
            are used.  Can be changed at runtime.  Unit is milliseconds.</summary>
        </member>
        <member name="M:GTClient.Client.#ctor">
            <summary>Creates a Client object.</summary>
        </member>
        <member name="M:GTClient.Client.GetStreamedTuple``3(System.String,System.String,System.Byte,System.Int32)">
            <summary>Get a streaming tuple that is automatically sent to the server every so often</summary>
            <typeparam name="A">The Type of the first value of the tuple</typeparam>
            <typeparam name="B">The Type of the second value of the tuple</typeparam>
            <typeparam name="C">The Type of the third value of the tuple</typeparam>
            <param name="address">The address to connect to</param>
            <param name="port">The port to connect to</param>
            <param name="id">The id to use for this three-tuple (unique to three-tuples)</param>
            <param name="milliseconds">The interval in milliseconds</param>
            <returns>The streaming tuple</returns>
        </member>
        <member name="M:GTClient.Client.GetStreamedTuple``3(GTClient.ServerStream,System.Byte,System.Int32)">
            <summary>Get a streaming tuple that is automatically sent to the server every so often</summary>
            <typeparam name="A">The Type of the first value of the tuple</typeparam>
            <typeparam name="B">The Type of the second value of the tuple</typeparam>
            <typeparam name="C">The Type of the third value of the tuple</typeparam>
            <param name="serverStream">The stream to use to send the tuple</param>
            <param name="id">The id to use for this three-tuple (unique to three-tuples)</param>
            <param name="milliseconds">The interval in milliseconds</param>
            <returns>The streaming tuple</returns>
        </member>
        <member name="M:GTClient.Client.GetStreamedTuple``2(System.String,System.String,System.Byte,System.Int32)">
            <summary>Get a streaming tuple that is automatically sent to the server every so often</summary>
            <typeparam name="A">The Type of the first value of the tuple</typeparam>
            <typeparam name="B">The Type of the second value of the tuple</typeparam>
            <param name="address">The address to connect to</param>
            <param name="port">The port to connect to</param>
            <param name="id">The id to use for this two-tuple (unique to two-tuples)</param>
            <param name="milliseconds">The interval in milliseconds</param>
            <returns>The streaming tuple</returns>
        </member>
        <member name="M:GTClient.Client.GetStreamedTuple``2(GTClient.ServerStream,System.Byte,System.Int32)">
            <summary>Get a streaming tuple that is automatically sent to the server every so often</summary>
            <typeparam name="A">The Type of the first value of the tuple</typeparam>
            <typeparam name="B">The Type of the second value of the tuple</typeparam>
            <param name="serverStream">The stream to use to send the tuple</param>
            <param name="id">The id to use for this three-tuple (unique to three-tuples)</param>
            <param name="milliseconds">The interval in milliseconds</param>
            <returns>The streaming tuple</returns>
        </member>
        <member name="M:GTClient.Client.GetStreamedTuple``1(System.String,System.String,System.Byte,System.Int32)">
            <summary>Get a streaming tuple that is automatically sent to the server every so often</summary>
            <typeparam name="A">The Type of the value of the tuple</typeparam>
            <param name="address">The address to connect to</param>
            <param name="port">The port to connect to</param>
            <param name="id">The id to use for this one-tuple (unique to one-tuples)</param>
            <param name="milliseconds">The interval in milliseconds</param>
            <returns>The streaming tuple</returns>
        </member>
        <member name="M:GTClient.Client.GetSessionStream(System.String,System.String,System.Byte)">
            <summary>Gets a connection for managing the session to this server.</summary>
            <param name="address">The address to connect to.  Changes old connection if id already claimed.</param>
            <param name="port">The port to connect to.  Changes old connection if id already claimed.</param>
            <param name="id">The channel id to claim or retrieve.</param>
            <returns>The created or retrived SessionStream</returns>
        </member>
        <member name="M:GTClient.Client.GetSessionStream(GTClient.ServerStream,System.Byte)">
            <summary>Gets a connection for managing the session to this server.</summary>
            <param name="serverStream">The serverStream to use for the connection.  Changes the server of id if the id is already claimed.</param>
            <param name="id">The channel id to claim or retrieve.</param>
            <returns>The created or retrived SessionStream</returns>
        </member>
        <member name="M:GTClient.Client.GetSessionStream(System.Byte)">
            <summary>Gets an already created SessionStream</summary>
            <param name="id">The channel id of the SessionStream unique to SessionStreams.</param>
            <returns>The found SessionStream</returns>
        </member>
        <member name="M:GTClient.Client.GetSuperStream(System.String,System.String)">
            <summary>Gets a Superstream, and if not already created, makes a new one for that destination.</summary>
            <param name="address">The address to connect to.</param>
            <param name="port">The port to connect to.</param>
            <returns>The created or retrived connection itself.</returns>
        </member>
        <member name="M:GTClient.Client.GetStringStream(System.String,System.String,System.Byte)">
            <summary>Gets a connection for transmitting strings.</summary>
            <param name="address">The address to connect to.  Changes old connection if id already claimed.</param>
            <param name="port">The port to connect to.  Changes old connection if id already claimed.</param>
            <param name="id">The channel id to claim.</param>
            <returns>The created or retrived StringStream</returns>
        </member>
        <member name="M:GTClient.Client.GetStringStream(GTClient.ServerStream,System.Byte)">
            <summary>Gets a connection for transmitting strings.</summary>
            <param name="serverStream">The serverStream to use for the connection.  Changes the server of id if the id is already claimed.</param>
            <param name="id">The channel id to claim.</param>
            <returns>The created or retrived StringStream</returns>
        </member>
        <member name="M:GTClient.Client.GetStringStream(System.Byte)">
            <summary>Gets an already created StringStream</summary>
            <param name="id">The channel id of the StringStream unique to StringStreams.</param>
            <returns>The found StringStream</returns>
        </member>
        <member name="M:GTClient.Client.GetObjectStream(System.String,System.String,System.Byte)">
            <summary>Gets a connection for transmitting objects.</summary>
            <param name="address">The address to connect to.  Changes old connection if id already claimed.</param>
            <param name="port">The port to connect to.  Changes old connection if id already claimed.</param>
            <param name="id">The channel id to claim for this ObjectStream, unique for all ObjectStreams.</param>
            <returns>The created or retrived ObjectStream</returns>
        </member>
        <member name="M:GTClient.Client.GetObjectStream(GTClient.ServerStream,System.Byte)">
            <summary>Gets a connection for transmitting objects.</summary>
            <param name="serverStream">The serverStream to use for the connection.  Changes the server of id if the id is already claimed.</param>
            <param name="id">The channel id to claim for this ObjectStream, unique for all ObjectStreams.</param>
            <returns>The created or retrived ObjectStream</returns>
        </member>
        <member name="M:GTClient.Client.GetObjectStream(System.Byte)">
            <summary>Get an already created ObjectStream</summary>
            <param name="id">The channel id of the ObjectStream unique, to ObjectStreams.</param>
            <returns>The found ObjectStream.</returns>
        </member>
        <member name="M:GTClient.Client.GetBinaryStream(System.String,System.String,System.Byte)">
            <summary>Gets a connection for transmitting byte arrays.</summary>
            <param name="address">The address to connect to.  Changes old connection if id already claimed.</param>
            <param name="port">The port to connect to.  Changes old connection if id already claimed.</param>
            <param name="id">The channel id to claim for this BinaryStream, unique for all BinaryStreams.</param>
            <returns>The created or retrived BinaryStream.</returns>
        </member>
        <member name="M:GTClient.Client.GetBinaryStream(GTClient.ServerStream,System.Byte)">
            <summary>Gets a connection for transmitting byte arrays.</summary>
            <param name="serverStream">The serverStream to use for the connection.  Changes the server of id if the id is already claimed.</param>
            <param name="id">The channel id to claim for this BinaryStream, unique for all BinaryStreams.</param>
            <returns>The created or retrived BinaryStream.</returns>
        </member>
        <member name="M:GTClient.Client.GetBinaryStream(System.Byte)">
            <summary>Get an already created BinaryStream</summary>
            <param name="id">The channel id of the BinaryStream, unique to BinaryStreams.</param>
            <returns>A BinaryStream</returns>
        </member>
        <member name="M:GTClient.Client.Update">
            <summary>One tick of the network beat.  Thread-safe.</summary>
        </member>
        <member name="M:GTClient.Client.HandleSystemMessage(GTClient.MessageIn)">
            <summary>This is a placeholder for more possible system message handling.</summary>
            <param name="m">The message we're handling.</param>
        </member>
        <member name="M:GTClient.Client.StartListeningOnSeperateThread(System.Int32)">
            <summary>Starts a new thread that listens for new clients or new data.
            Abort returned thread at any time to stop listening.</summary>
        </member>
        <member name="M:GTClient.Client.StartListening">
            <summary>Enter an infinite loop, which will listen for incoming data.
            Use this to dedicate the current thread of execution to listening.
            If there are any exceptions, you should can catch them.
            Aborting this thread of execution will cause this thread to die
            gracefully, and is recommended.
            </summary>
        </member>
        <member name="E:GTClient.Client.ErrorEvent">
            <summary>Occurs when there are errors on the network.</summary>
        </member>
        <member name="T:GTClient.Frame">
            <summary>Used to set a certain event to only occur every so often.  (Thread-safe)</summary>
        </member>
        <member name="F:GTClient.Frame.Interval">
            <summary>A hit will only occur once during this interval, otherwise it will miss.</summary>
        </member>
        <member name="M:GTClient.Frame.#ctor(System.Double)">
            <summary></summary>
        </member>
        <member name="M:GTClient.Frame.SlipTrigger(System.Object[])">
            <summary>Throw either a hit or a miss.</summary>
        </member>
        <member name="E:GTClient.Frame.HitEvent">
            <summary>Triggered on a hit</summary>
        </member>
        <member name="E:GTClient.Frame.MissEvent">
            <summary>Triggered on a miss</summary>
        </member>
        <member name="T:GTClient.Frame.FrameDelegate">
            <summary>This method will handle a hit or a miss.</summary>
        </member>
        <member name="T:GTClient.DelayedBinaryStream">
            <summary>
            Injects a certain amount of latency into the sending or receiving from this connection.
            </summary>
        </member>
        <member name="F:GTClient.DelayedBinaryStream.Messages">
            <summary>
            The messages which have been received by this connection, after the injected delay has passed
            </summary>
        </member>
        <member name="M:GTClient.DelayedBinaryStream.#ctor(GTClient.IBinaryStream,System.Int32)">
            <summary>Delays the sending and receiving of messages by 'injectedDelay' milliseconds.
            </summary>
            <param name="bs">The binary connection to use to send and receive on.</param>
            <param name="injectedDelay">time in milliseconds to inject</param>
        </member>
        <member name="M:GTClient.DelayedBinaryStream.Send(System.Byte[])">
            <summary>Sends a message after waiting a certain amount of time
            </summary>
            <param name="b">bytes to send as a message</param>
        </member>
        <member name="M:GTClient.DelayedBinaryStream.SendCheck">
            <summary>Checks to see if anything queued should be sent.
            The sending resolution of this connection is as good as 
            the frequency this method and the Send method are called.
            </summary>
        </member>
        <member name="M:GTClient.DelayedBinaryStream.DequeueMessage(System.Int32)">
            <summary>Dequeues the oldest message that is ready to be received
            </summary>
            <param name="index">the index of the message to dequeue</param>
            <returns>the oldest message</returns>
        </member>
        <member name="P:GTClient.DelayedBinaryStream.InjectedDelay">
            <summary>
            The milliseconds of delay injected into the connection
            </summary>
        </member>
        <member name="F:GTClient.AggregatingSharedDictionary.Master">
            <summary>
            Keys on this list will not be updated from the network.  This is useful for security
            purposes, to prevent someone else from changing your own telepointer or avatar position or
            whatever else without your permission.
            </summary>
        </member>
        <member name="M:GTClient.AggregatingSharedDictionary.#ctor(GTClient.IBinaryStream,System.Int32)">
            <summary>
            This is a very simple implementation of a shared dictionary.  It can be used
            like an array of serializable objects of unknown size, where strings are used 
            as keys.  If an object is put inside the array, it is pushed to other copies
            of the dictionary connected to the same network and channel.  If an object is
            taken from the array, the latest cached copy is returned.  If there is no
            cached copy yet (that is, if the client is relatively new), then null is returned,
            but the object is requested from other shared dictionaries on the network and 
            channel.  The emergent behaviour is a very simple shared dictionary that performs
            extremely fast reads but expensive writes, and is ideal for non-streaming datasets.
            Examples of information that would be great to store in this dictionary would be
            user information like colour, preferences, avatar appearance, and object descriptions.
            Consistancy is achieved by assuming that each client only writes to their own keys,
            like "myclientname/objectname/whatever", or that writes are infrequeny enough that
            there is very little chance that two client will try to write to an object at the same
            time.  When an object is changed, an event is triggered describing which object has
            been updated.
            </summary>
            <param name="bs">A networked binary connection of some sort.  A compressed connection is recommended.</param>
            <param name="milliseconds">Never send immediately unless this amount of time has passed.</param>
        </member>
        <member name="E:GTClient.AggregatingSharedDictionary.ChangeEvent">
            <summary>
            Triggered when a key has been updated
            </summary>
        </member>
        <member name="P:GTClient.AggregatingSharedDictionary.Item(System.String)">
            <summary>
            Treat this shared dictionary as an array.  Remember that changes are only broadcast when
            an object is put back into it.
            </summary>
            <param name="key">A string of any length representing a dictionary key</param>
            <returns>An object tied to this key</returns>
        </member>
        <member name="P:GTClient.AggregatingSharedDictionary.UniqueIdentity">
            <summary>
            A unique number that no other client has in relation to this server.
            If zero, don't use.  It will be assigned a unique number by the server soon after connecting.
            </summary>
        </member>
        <member name="T:GTClient.AggregatingSharedDictionary.Change">
            <summary>
            This method will handle a change event
            </summary>
            <param name="key">The key that has been changed</param>
        </member>
        <member name="T:GTClient.HPTimer">
            <summary>A high-resolution high-performance timer.</summary>
        </member>
        <member name="F:GTClient.HPTimer.Frequency">
            <summary>This timer ticks this many times per second.
            This is a measure of how accurate this timer is on this particular machine.</summary>
        </member>
        <member name="F:GTClient.HPTimer.ElapsedInSeconds">
            <summary>A measure of how many seconds have passed
            between the last two calls of the method Update.</summary>
        </member>
        <member name="F:GTClient.HPTimer.ElapsedInMilliseconds">
            <summary>A measure of how many milliseconds have passed
            between the last two calls of the method Update.</summary>
        </member>
        <member name="F:GTClient.HPTimer.Time">
            <summary>A measure of how many timer ticks have passed in total
            between the the creation of this object and the last call of Update.</summary>
        </member>
        <member name="F:GTClient.HPTimer.TimeInSeconds">
            <summary>A measure of how many seconds have passed in total
            between the the creation of this object and the last call of Update.</summary>
        </member>
        <member name="F:GTClient.HPTimer.TimeInMilliseconds">
            <summary>A measure of how many milliseconds have passed in total
            between the the creation of this object and the last call of Update.</summary>
        </member>
        <member name="M:GTClient.HPTimer.#ctor">
            <summary>A high-resolution high-performance timer.</summary>
        </member>
        <member name="M:GTClient.HPTimer.Start">
            <summary>Starts the timer timing.</summary>
        </member>
        <member name="M:GTClient.HPTimer.Update">
            <summary>Updates the current values of the timer.</summary>
        </member>
    </members>
</doc>
